<?xml version="1.0" encoding="UTF-8"?>
<root>
	<element name="Label">
		<font>
			<property name="fontSize" type="float" value="20" />
			<property name="fontColor" type="ColorRGBA">
				<r value="0.8" />
				<g value="0.8" />
				<b value="0.8" />
				<a value="1.0" />
			</property>
			<property name="textAlign" type="String" value="Left" />
			<property name="textVAlign" type="String" value="Center" />
			<property name="textWrap" type="String" value="NoWrap" />
			<property name="textPadding" type="float" value="3" />
		</font>
		<attributes>
			<property name="resizeBorders" type="Vector4f">
				<x value="1" />
				<y value="1" />
				<z value="1" />
				<w value="1" />
			</property>
			<property name="defaultSize" type="Vector2f">
				<x value="100" />
				<y value="30" />
			</property>
		</attributes>
		<images></images>
		<effects></effects>
	</element>
	<element name="ToolTip">
		<font>
			<property name="fontSize" type="float" value="19" />
			<property name="fontColor" type="ColorRGBA">
				<r value="0.8" />
				<g value="0.8" />
				<b value="0.8" />
				<a value="1.0" />
			</property>
			<property name="textAlign" type="String" value="Center" />
			<property name="textVAlign" type="String" value="Center" />
			<property name="textWrap" type="String" value="Word" />
			<property name="textPadding" type="float" value="5" />
		</font>
		<attributes>
			<property name="bgColor" type="ColorRGBA">
				<r value="0.8" />
				<g value="0.8" />
				<b value="0.8" />
				<a value="1.0" />
			</property>
			<property name="resizeBorders" type="Vector4f">
				<x value="15" />
				<y value="15" />
				<z value="15" />
				<w value="15" />
			</property>
			<property name="defaultSize" type="Vector2f">
				<x value="250" />
				<y value="50" />
			</property>
		</attributes>
		<images>
			<property name="defaultImg" type="String" value="x=1|y=1|w=34|h=34" />
		</images>
		<effects></effects>
	</element>
</root>
