<?xml version="1.0" encoding="UTF-8"?>
<root>
	<element name="TextField">
		<font>
			<property name="fontSize" type="float" value="20" />
			<property name="fontColor" type="ColorRGBA">
				<r value="0" />
				<g value="0" />
				<b value="0" />
				<a value="1" />
			</property>
			<property name="textAlign" type="String" value="Left" />
			<property name="textVAlign" type="String" value="Top" />
			<property name="textWrap" type="String" value="NoWrap" />
			<property name="textPadding" type="float" value="3" />
		</font>
		<attributes>
			<property name="resizeBorders" type="Vector4f">
				<x value="4" />
				<y value="4" />
				<z value="4" />
				<w value="4" />
			</property>
			<property name="minSize" type="Vector2f">
				<x value="120" />
				<y value="24" />
			</property>
			<property name="defaultSize" type="Vector2f">
				<x value="120" />
				<y value="24" />
			</property>
		</attributes>
		<images>
			<property name="defaultImg" type="String" value="tonegod/gui/style/def/TextField/text_field_x.png" />
		</images>
		<effects>
			<property name="event0" type="Effect">
				<event value="TabFocus" />
				<effect value="PulseColor" />
				<speed value=".3" />
			</property>
			<property name="event1" type="Effect">
				<event value="LoseTabFocus" />
				<effect value="ColorSwap" />
				<speed value="0" />
			</property>
		</effects>
	</element>
</root>
