<?xml version="1.0" encoding="UTF-8"?>
<root>
	<element name="Common">
		<font>
			<property name="fontSize" type="float" value="22" />
			<property name="fontColor" type="ColorRGBA">
				<r value="1" />
				<g value="1" />
				<b value="1" />
				<a value="1" />
			</property>
			<property name="textAlign" type="String" value="Left" />
			<property name="textVAlign" type="String" value="Top" />
			<property name="textWrap" type="String" value="Word" />
			<property name="textPadding" type="float" value="3" />
		</font>
		<attributes>
			<property name="defaultControlSize" type="float" value="24" />
			<property name="defaultControlSpacing" type="float" value="5" />
		</attributes>
		<images>
			<property name="blankImg" type="String" value="x=0|y=0|w=1|h=1" />
			<property name="whiteImg" type="String" value="x=80|y=44|w=5|h=5" />
			<property name="arrowUp" type="String" value="x=189|y=19|w=16|h=16" />
			<property name="arrowDown" type="String" value="x=189|y=1|w=16|h=16" />
			<property name="arrowLeft" type="String" value="x=189|y=37|w=16|h=16" />
			<property name="arrowRight" type="String" value="x=189|y=55|w=16|h=16" />
		</images>
		<effects></effects>
	</element>
</root>
