<?xml version="1.0" encoding="UTF-8"?>
<root>
	<element name="Indicator">
		<font>
			<property name="fontSize" type="float" value="16" />
			<property name="fontColor" type="ColorRGBA">
				<r value="1" />
				<g value="1" />
				<b value="1" />
				<a value="1" />
			</property>
			<property name="textAlign" type="String" value="Center" />
			<property name="textVAlign" type="String" value="Center" />
			<property name="textWrap" type="String" value="NoWrap" />
			<property name="textPadding" type="float" value="0" />
		</font>
		<attributes>
			<property name="resizeBorders" type="Vector4f">
				<x value="4" />
				<y value="4" />
				<z value="4" />
				<w value="4" />
			</property>
			<property name="minSize" type="Vector2f">
				<x value="40" />
				<y value="20" />
			</property>
			<property name="defaultSize" type="Vector2f">
				<x value="150" />
				<y value="20" />
			</property>
		</attributes>
		<images>
			<property name="defaultImg" type="String" value="x=109|y=19|w=11|h=11" />
			<property name="alphaImg" type="String" value="x=109|y=1|w=11|h=11" />
		</images>
		<effects></effects>
	</element>
</root>
