<?xml version="1.0" encoding="UTF-8"?>
<root>
	<element name="Window">
		<font></font>
		<attributes>
			<property name="resizeBorders" type="Vector4f">
				<x value="10" />
				<y value="10" />
				<z value="10" />
				<w value="10" />
			</property>
			<property name="minSize" type="Vector2f">
				<x value="230" />
				<y value="40" />
			</property>
			<property name="defaultSize" type="Vector2f">
				<x value="350" />
				<y value="250" />
			</property>
			<property name="contentIndents" type="Vector4f">
				<x value="12" />
				<y value="12" />
				<z value="12" />
				<w value="12" />
			</property>
			<property name="clipPadding" type="float" value="3" />
			<property name="buttonAreaHeight" type="float" value="40" />
			<property name="showSound" type="String" value="fade" />
			<property name="useShowSound" type="boolean" value="true" />
			<property name="showSoundVolume" type="float" value="1" />
			<property name="hideSound" type="String" value="fade" />
			<property name="useHideSound" type="boolean" value="true" />
			<property name="hideSoundVolume" type="float" value="1" />
		</attributes>
		<images>
			<property name="defaultImg" type="String" value="x=1|y=1|w=64|h=64" />
		</images>
		<effects>
			<property name="event0" type="Effect">
				<event value="Show" />
				<effect value="FadeIn" />
				<speed value=".25" />
			</property>
			<property name="event1" type="Effect">
				<event value="Hide" />
				<effect value="FadeOut" />
				<speed value=".25" />
			</property>
		</effects>
	</element>
	<element name="Window#Dragbar">
		<font>
			<property name="fontSize" type="float" value="20" />
			<property name="fontColor" type="ColorRGBA">
				<r value="1.0" />
				<g value="1.0" />
				<b value="1.0" />
				<a value="1.0" />
			</property>
			<property name="textAlign" type="String" value="Left" />
			<property name="textVAlign" type="String" value="Center" />
			<property name="textWrap" type="String" value="NoWrap" />
			<property name="textPadding" type="Vector4f">
				<x value="6" />
				<y value="0" />
				<z value="-4" />
				<w value="0" />
			</property>
		</font>
		<attributes>
			<property name="resizeBorders" type="Vector4f">
				<x value="4" />
				<y value="4" />
				<z value="4" />
				<w value="4" />
			</property>
			<property name="indents" type="Vector4f">
				<x value="3" />
				<y value="3" />
				<z value="3" />
				<w value="3" />
			</property>
			<property name="defaultControlSize" type="float" value="25" />
		</attributes>
		<images>
			<property name="defaultImg" type="String" value="x=135|y=1|w=16|h=16" />
		</images>
		<effects></effects>
	</element>
</root>
