<?xml version="1.0" encoding="UTF-8"?>
<root>
	<element name="Menu">
		<font>
			<property name="fontSize" type="float" value="20" />
			<property name="fontColor" type="ColorRGBA">
				<r value="1" />
				<g value="1" />
				<b value="1" />
				<a value="1" />
			</property>
			<property name="textAlign" type="String" value="Left" />
			<property name="textVAlign" type="String" value="Top" />
			<property name="textWrap" type="String" value="Word" />
			<property name="textPadding" type="float" value="0" />
		</font>
		<attributes>
			<property name="highlightColor" type="ColorRGBA">
				<r value="0.7" />
				<g value="0.7" />
				<b value="0.7" />
				<a value="0.5" />
			</property>
			<property name="resizeBorders" type="Vector4f">
				<x value="8" />
				<y value="8" />
				<z value="8" />
				<w value="8" />
			</property>
			<property name="minSize" type="Vector2f">
				<x value="150" />
				<y value="50" />
			</property>
			<property name="defaultSize" type="Vector2f">
				<x value="350" />
				<y value="200" />
			</property>
			<property name="menuPadding" type="Vector4f">
				<x value="3" />
				<y value="3" />
				<z value="3" />
				<w value="3" />
			</property>
			<property name="menuOverhang" type="float" value="8" />
		</attributes>
		<images>
			<property name="defaultImg" type="String" value="tonegod/gui/style/def/Window/panel_x.png" />
		</images>
		<effects>
			<property name="event0" type="Effect">
				<event value="Show" />
				<effect value="FadeIn" />
				<speed value=".1" />
			</property>
		</effects>
	</element>
	<element name="MenuItem">
		<font>
			<property name="fontSize" type="float" value="20" />
			<property name="fontColor" type="ColorRGBA">
				<r value="1.0" />
				<g value="1.0" />
				<b value="1.0" />
				<a value="1.0" />
			</property>
			<property name="textAlign" type="String" value="Left" />
			<property name="textVAlign" type="String" value="Center" />
			<property name="textWrap" type="String" value="NoWrap" />
			<property name="textPadding" type="float" value="0" />
		</font>
		<attributes>
			<property name="resizeBorders" type="Vector4f">
				<x value="6" />
				<y value="6" />
				<z value="6" />
				<w value="6" />
			</property>
		</attributes>
		<images>
			<property name="defaultImg" type="String" value="Interface/Button/button_x.png" />
			<property name="hoverImg" type="String" value="Interface/Button/button_x_h.png" />
			<property name="pressedImg" type="String" value="Interface/Button/button_x_d.png" />
			<property name="subArrow" type="String" value="Interface/Common/Arrows/arrow_right.png" />
		</images>
		<effects>
			<property name="event0" type="Effect">
				<event value="Hover" />
				<effect value="ImageSwap" />
				<speed value="0" />
			</property>
			<property name="event1" type="Effect">
				<event value="Press" />
				<effect value="ImageSwap" />
				<speed value="0" />
			</property>
			<property name="event2" type="Effect">
				<event value="LoseFocus" />
				<effect value="ImageSwap" />
				<speed value="0" />
			</property>
		</effects>
	</element>
</root>
